{"optim/entropy":0.651536762714386,"env/all/private_tests_passed":0.1328125,"time/sample":456.4511749744415,"env/all/private_tests_timed_out":0,"env/all/total_ac_tokens":171521,"env/all/total_ob_tokens":635236,"time/total":498.0798032283783,"env/all/turns_per_episode":2.9765625,"optim/lr":0.0001,"optim/kl_sample_train_v1":0.002372531918808818,"env/all/by_group/frac_all_good":0.0625,"progress/done_frac":0.0004551661356395084,"env/all/total_turns":381,"_step":0,"optim/kl_sample_train_v2":0.0026801908388733864,"time/train":25.296282052993774,"time/save_checkpoint":15.438423156738281,"time/assemble_training_data":0.7015881538391113,"env/all/ob_tokens_per_turn":1667.286089238845,"_timestamp":1.7649481003035479e+09,"progress/batch":0,"env/all/by_group/frac_all_bad":0.796875,"env/all/reward/total":0.1328125,"env/all/public_tests_timed_out":0,"env/all/by_group/frac_mixed":0.140625,"_runtime":590.952816958,"env/all/public_tests_passed":0.1328125,"time/compute_kl_sample_train":0.10339093208312988,"env/all/total_episodes":128,"env/all/ac_tokens_per_turn":450.18635170603676,"_wandb":{"runtime":590}}