{"env/all/ob_tokens_per_turn":1188.5,"_timestamp":1.764945282852733e+09,"time/total":53.65479302406311,"time/sample":38.91109108924866,"optim/lr":4e-05,"_runtime":94.007539958,"time/compute_kl_sample_train":0.009068965911865234,"env/all/ac_tokens_per_turn":116.25,"env/all/by_group/frac_all_good":0,"_step":0,"env/all/total_ac_tokens":1395,"env/all/by_group/frac_mixed":0,"progress/batch":0,"env/all/reward/total":0,"optim/kl_sample_train_v2":0.0023556977976113558,"progress/done_frac":0.0004551661356395084,"optim/kl_sample_train_v1":0.0025340404827147722,"env/all/turns_per_episode":3,"time/assemble_training_data":0.012803077697753906,"env/all/total_ob_tokens":14262,"env/all/total_turns":12,"env/all/by_group/frac_all_bad":1,"_wandb":{"runtime":94},"time/train":2.8588390350341797,"time/save_checkpoint":11.833225965499878,"env/all/total_episodes":4,"optim/entropy":0.49461084604263306}