{"optim/kl_sample_train_v1":0.0018574876012280583,"time/train":2.7449779510498047,"env/all/by_group/frac_all_bad":1,"env/all/turns_per_episode":2.5,"_step":0,"time/assemble_training_data":0.011309146881103516,"env/all/ob_tokens_per_turn":1158.4,"time/save_checkpoint":10.94828200340271,"optim/kl_sample_train_v2":0.002149272942915559,"time/total":49.47411608695984,"progress/batch":0,"env/all/total_ob_tokens":11584,"_timestamp":1.764945519808341e+09,"progress/done_frac":0.0004551661356395084,"env/all/by_group/frac_all_good":0,"env/all/total_ac_tokens":1597,"optim/lr":4e-05,"env/all/ac_tokens_per_turn":159.7,"_runtime":121.70002975,"_wandb":{"runtime":121},"time/sample":35.74171280860901,"time/compute_kl_sample_train":0.003818035125732422,"optim/entropy":0.6181826591491699,"env/all/total_episodes":4,"env/all/by_group/frac_mixed":0,"env/all/reward/total":0,"env/all/total_turns":10}