{"env/all/reward/total":0,"env/all/private_tests_passed":0,"env/all/total_ob_tokens":19043,"optim/entropy":0.7458058595657349,"time/sample":46.994497776031494,"time/compute_kl_sample_train":0.004237651824951172,"env/all/private_tests_timed_out":0,"env/all/by_group/frac_all_bad":1,"optim/kl_sample_train_v1":0.002071825321763754,"env/all/turns_per_episode":3,"env/all/public_tests_timed_out":0,"env/all/total_turns":12,"env/all/ob_tokens_per_turn":1586.9166666666667,"_timestamp":1.764945850830673e+09,"progress/batch":1,"env/all/total_episodes":4,"progress/done_frac":0.0009103322712790169,"time/assemble_training_data":0.0204470157623291,"_runtime":207.766685334,"_wandb":{"runtime":207},"time/total":62.51563382148743,"env/all/public_tests_passed":0,"optim/kl_sample_train_v2":0.0020502039697021246,"time/save_checkpoint":11.880656003952026,"time/train":3.5764570236206055,"env/all/by_group/frac_all_good":0,"_step":1,"env/all/total_ac_tokens":5351,"env/all/ac_tokens_per_turn":445.9166666666667,"env/all/by_group/frac_mixed":0,"optim/lr":4e-05}